symbol,available_since,available_to,prices_1h_from,prices_gap_days,funding_from,funding_gap_days
BTC-USDT-SWAP,2019-12-04,,2021-08-31,636,2021-08-31,636
EOS-USDT-SWAP,2019-12-04,2025-05-23,2023-08-20,1355,2021-08-31,636
ETH-USDT-SWAP,2019-12-04,,2021-08-31,636,2021-08-31,636
LTC-USDT-SWAP,2019-12-27,,2021-08-31,613,2021-08-31,613
BCH-USDT-SWAP,2019-12-27,,2021-08-31,613,2021-08-31,613
XRP-USDT-SWAP,2019-12-30,,2021-08-31,610,2021-08-31,610
ETC-USDT-SWAP,2019-12-30,,2021-08-31,610,2021-08-31,610
BSV-USDT-SWAP,2019-12-31,2025-06-13,2023-08-20,1328,2021-08-31,609
TRX-USDT-SWAP,2019-12-31,,2021-08-31,609,2021-08-31,609
NEO-USDT-SWAP,2020-03-05,,2021-08-31,544,2021-08-31,544
LINK-USDT-SWAP,2020-03-09,,2021-08-31,540,2021-08-31,540
DASH-USDT-SWAP,2020-03-11,,2025-11-06,2066,2021-08-31,538
XTZ-USDT-SWAP,2020-04-23,,2021-08-31,495,2021-08-31,495
ZEC-USDT-SWAP,2020-04-27,,2025-11-06,2019,2021-08-31,491
ADA-USDT-SWAP,2020-04-29,,2021-08-31,489,2021-08-31,489
ONT-USDT-SWAP,2020-05-06,,2021-08-31,482,2021-08-31,482
ATOM-USDT-SWAP,2020-05-06,,2021-08-31,482,2021-08-31,482
QTUM-USDT-SWAP,2020-05-11,,2021-08-31,477,2021-08-31,477
XLM-USDT-SWAP,2020-05-11,,2021-08-31,477,2021-08-31,477
IOST-USDT-SWAP,2020-05-13,,2021-08-31,475,2021-08-31,475
ALGO-USDT-SWAP,2020-05-13,,2021-08-31,475,2021-08-31,475
IOTA-USDT-SWAP,2020-05-18,,2021-08-31,470,2021-08-31,470
XMR-USDT-SWAP,2020-05-18,2023-12-20,2023-08-20,1189,2021-08-31,470
THETA-USDT-SWAP,2020-06-15,,2021-08-31,442,2021-08-31,442
KNC-USDT-SWAP,2020-06-17,2025-07-05,2023-08-20,1159,2021-08-31,440
COMP-USDT-SWAP,2020-07-01,,2021-08-31,426,2021-08-31,426
DOGE-USDT-SWAP,2020-07-10,,2021-08-31,417,2021-08-31,417
DOT-USDT-SWAP,2020-07-22,,2021-08-31,405,2021-08-31,405
FIL-USDT-SWAP,2020-07-22,,2021-08-31,405,2021-08-31,405
SRM-USDT-SWAP,2020-08-17,2022-11-15,MISSING,,2021-08-31,379
SNX-USDT-SWAP,2020-08-21,,2021-08-31,375,2021-08-31,375
ZRX-USDT-SWAP,2020-08-21,,2021-08-31,375,2021-08-31,375
MKR-USDT-SWAP,2020-08-21,2025-09-05,2023-08-20,1094,2021-08-31,375
ANT-USDT-SWAP,2020-08-21,2024-05-24,2023-08-20,1094,2021-08-31,375
OMG-USDT-SWAP,2020-08-28,2024-07-16,2023-08-20,1087,2021-08-31,368
WAVES-USDT-SWAP,2020-08-28,2024-02-02,2023-08-20,1087,2021-08-31,368
LEND-USDT-SWAP,2020-08-28,2020-10-11,2021-08-31,368,MISSING,
BAT-USDT-SWAP,2020-08-28,,2021-08-31,368,2021-08-31,368
YFII-USDT-SWAP,2020-09-02,2024-02-08,2023-08-20,1082,2021-08-31,363
YFI-USDT-SWAP,2020-09-02,,2021-08-31,363,2021-08-31,363
SUSHI-USDT-SWAP,2020-09-03,,2021-08-31,362,2021-08-31,362
UMA-USDT-SWAP,2020-09-04,,2021-08-31,361,2021-08-31,361
CRV-USDT-SWAP,2020-09-04,,2021-08-31,361,2021-08-31,361
YFV-USDT-SWAP,2020-09-07,2020-10-30,MISSING,,MISSING,
BAND-USDT-SWAP,2020-09-07,,2021-08-31,358,2021-08-31,358
REN-USDT-SWAP,2020-09-08,2024-08-30,2023-08-20,1076,2021-08-31,357
TRB-USDT-SWAP,2020-09-08,,2021-08-31,357,2021-08-31,357
JST-USDT-SWAP,2020-09-08,2025-08-30,2023-08-20,1076,2021-08-31,357
KSM-USDT-SWAP,2020-09-08,,2021-08-31,357,2021-08-31,357
LRC-USDT-SWAP,2020-09-09,2026-07-21,2021-08-31,356,2021-08-31,356
STORJ-USDT-SWAP,2020-09-09,2025-10-31,2023-08-20,1075,2021-08-31,356
ZIL-USDT-SWAP,2020-09-09,,2021-08-31,356,2021-08-31,356
BAL-USDT-SWAP,2020-09-09,2025-07-26,2023-08-20,1075,2021-08-31,356
BTM-USDT-SWAP,2020-09-09,2022-08-19,2021-08-31,356,2021-08-31,356
BTT-USDT-SWAP,2020-09-09,2022-11-11,MISSING,,2021-08-31,356
RSR-USDT-SWAP,2020-09-09,,2021-08-31,356,2021-08-31,356
WNXM-USDT-SWAP,2020-09-09,2022-11-15,MISSING,,2021-08-31,356
SUN-USDT-SWAP,2020-09-11,2021-06-24,2021-08-31,354,MISSING,
SWRV-USDT-SWAP,2020-09-11,2022-08-13,2021-08-31,354,2021-08-31,354
UNI-USDT-SWAP,2020-09-17,,2021-08-31,348,2021-08-31,348
AVAX-USDT-SWAP,2020-09-23,,2021-08-31,342,2021-08-31,342
FLM-USDT-SWAP,2020-09-29,2025-10-25,2023-08-20,1055,2021-08-31,336
ZEN-USDT-SWAP,2020-11-27,,2025-11-03,1802,2021-08-31,277
CVC-USDT-SWAP,2020-12-10,2025-11-15,2021-08-31,264,2021-08-31,264
AAVE-USDT-SWAP,2020-12-10,,2021-08-31,264,2021-08-31,264
GRT-USDT-SWAP,2020-12-20,,2021-08-31,254,2021-08-31,254
NEAR-USDT-SWAP,2020-12-21,,2021-08-31,253,2021-08-31,253
EGLD-USDT-SWAP,2020-12-22,,2021-08-31,252,2021-08-31,252
BNT-USDT-SWAP,2020-12-22,2025-11-15,2021-08-31,252,2021-08-31,252
1INCH-USDT-SWAP,2020-12-25,,2021-08-31,249,2021-08-31,249
SOL-USDT-SWAP,2021-01-22,,2021-08-31,221,2021-08-31,221
LON-USDT-SWAP,2021-01-22,2022-08-17,2021-08-31,221,2021-08-31,221
BADGER-USDT-SWAP,2021-01-29,2025-07-26,2023-08-20,933,2021-08-31,214
MIR-USDT-SWAP,2021-02-24,2022-05-14,2021-08-31,188,2021-08-31,188
TORN-USDT-SWAP,2021-02-24,2022-09-27,MISSING,,2021-08-31,188
MASK-USDT-SWAP,2021-03-04,,2021-08-31,180,2021-08-31,180
MANA-USDT-SWAP,2021-03-12,,2021-08-31,172,2021-08-31,172
CFX-USDT-SWAP,2021-03-12,,2021-08-31,172,2021-08-31,172
CHZ-USDT-SWAP,2021-03-12,,2021-08-31,172,2021-08-31,172
FTM-USDT-SWAP,2021-03-18,2025-01-08,2023-08-20,885,2021-08-31,166
ALPHA-USDT-SWAP,2021-03-18,2025-07-05,2023-08-20,885,2021-08-31,166
LUNA-USDT-SWAP,2021-03-18,,2022-05-28,436,2021-08-31,166
DORA-USDT-SWAP,2021-04-01,2023-08-25,2023-08-20,871,2021-08-31,152
CONV-USDT-SWAP,2021-04-01,2022-08-25,2021-08-31,152,2021-08-31,152
ENJ-USDT-SWAP,2021-04-01,,2024-03-01,1065,2021-08-31,152
PERP-USDT-SWAP,2021-04-02,2025-10-25,2023-08-20,870,2021-08-31,151
SAND-USDT-SWAP,2021-04-02,,2021-08-31,151,2021-08-31,151
XEM-USDT-SWAP,2021-04-08,2022-11-25,MISSING,,2021-08-31,145
ANC-USDT-SWAP,2021-04-08,2022-05-14,2021-08-31,145,2021-08-31,145
SC-USDT-SWAP,2021-04-08,2022-11-12,MISSING,,2021-08-31,145
CRO-USDT-SWAP,2021-04-08,,2021-08-31,145,2021-08-31,145
LPT-USDT-SWAP,2021-04-23,,2021-08-31,130,2021-08-31,130
RVN-USDT-SWAP,2021-04-23,,2021-08-31,130,2021-08-31,130
MATIC-USDT-SWAP,2021-04-29,2024-09-05,2023-08-20,843,2021-08-31,124
XCH-USDT-SWAP,2021-05-08,2025-08-02,2023-08-20,834,2021-08-31,115
SHIB-USDT-SWAP,2021-05-09,,2021-08-31,114,2021-08-31,114
LAT-USDT-SWAP,2021-05-14,2022-08-27,MISSING,,2021-08-31,109
CSPR-USDT-SWAP,2021-05-14,2025-08-02,2023-08-20,828,2021-08-31,109
ICP-USDT-SWAP,2021-05-14,,2021-08-31,109,2021-08-31,109
CQT-USDT-SWAP,2021-08-20,2022-08-28,MISSING,,2021-08-31,11
SLP-USDT-SWAP,2021-08-26,2025-10-25,2023-08-20,724,2021-08-31,5
BABYDOGE-USDT-SWAP,2021-11-05,2022-11-26,MISSING,,2022-01-16,72
ELON-USDT-SWAP,2021-11-05,2022-11-26,MISSING,,2022-01-16,72
GODS-USDT-SWAP,2021-11-05,2025-09-27,2023-08-20,653,2022-01-16,72
STARL-USDT-SWAP,2021-11-05,2024-05-24,2023-08-20,653,2022-01-16,72
KISHU-USDT-SWAP,2021-11-05,2025-04-09,2023-08-20,653,2022-01-16,72
NFT-USDT-SWAP,2021-12-02,2025-05-17,2023-08-20,626,2022-01-16,45
SOS-USDT-SWAP,2021-12-30,2022-11-16,MISSING,,2022-01-16,17
LOOKS-USDT-SWAP,2022-02-17,2025-07-19,2023-08-20,549,2022-02-17,0
UMEE-USDT-SWAP,2022-02-24,2022-11-26,MISSING,,2022-02-24,0
RSS3-USDT-SWAP,2022-02-24,2022-08-26,MISSING,,2022-02-24,0
DOME-USDT-SWAP,2022-03-08,2023-03-09,MISSING,,2022-03-08,0
ASTR-USDT-SWAP,2022-04-14,2022-11-17,MISSING,,2022-04-14,0
NYM-USDT-SWAP,2022-04-21,2022-11-18,MISSING,,2022-04-21,0
FITFI-USDT-SWAP,2022-05-12,2024-08-23,2023-08-20,465,2022-05-11,-1
CEL-USDT-SWAP,2022-06-17,2024-07-16,2023-08-20,429,2022-06-17,0
LUNC-USDT-SWAP,2022-09-09,2025-09-19,2023-08-20,345,2022-09-09,0
SWEAT-USDT-SWAP,2022-09-15,2025-06-06,2023-08-20,339,2022-09-15,0
KLAY-USDT-SWAP,2022-10-26,2024-10-26,2023-08-20,298,2022-10-26,0
USTC-USDT-SWAP,2022-11-03,2025-09-19,2023-08-20,290,2022-11-03,0
WEMIX-USDT-SWAP,2022-11-08,2022-12-09,MISSING,,2022-11-08,0
GFT-USDT-SWAP,2023-02-23,2024-12-04,2023-08-20,178,2023-02-23,0
RDNT-USDT-SWAP,2023-04-24,2025-08-02,2023-08-20,118,2023-04-24,0
AIDOGE-USDT-SWAP,2023-05-03,2025-08-02,2023-08-20,109,2023-05-03,0
ZK-USDT-SWAP,2024-03-19,,2024-06-18,91,2024-03-19,0
OL-USDT-SWAP,2024-11-22,,2025-10-29,341,2024-11-22,0
PIPPIN-USDT-SWAP,2025-01-27,,2025-12-02,309,2025-01-27,0
KITE-USDT-SWAP,2025-10-29,,2026-04-09,162,2025-10-29,0
